Timestamp, Data Source, Data, Display Value, Raw Value
"2017-03-12T17:06:00Z", GPS, Enabled, Yes, true
"2017-03-12T17:06:00Z", GPS, Authorisation Status, Authorised When In Use, Authorised When In Use
"2017-03-12T17:06:00Z", GPS, Latitude, 40.72063852270723, 40.7206385227072
"2017-03-12T17:06:00Z", GPS, Longitude, -73.97983102597885, -73.9798310259789
"2017-03-12T17:06:00Z", GPS, Altitude, 5.732217788696289 Meters, 5.73221778869629
"2017-03-12T17:06:00Z", GPS, Floor, No Data, NULL
"2017-03-12T17:06:00Z", GPS, Horizontal Accuracy, 65 Meters, 65.0
"2017-03-12T17:06:00Z", GPS, Vertical Accuracy, 10 Meters, 10.0
"2017-03-12T17:06:00Z", Microphone, Left Channel Level, Permission Denied dB, Permission Denied
"2017-03-12T17:06:00Z", Microphone, Right Channel Level, Permission Denied dB, Permission Denied
"2017-03-12T17:06:00Z", Cell Radio, Radio Access Technology, 4G (LTE), 4G (LTE)
"2017-03-12T17:06:00Z", Cell Radio, Carrier, AT&T, AT&T
"2017-03-12T17:06:00Z", Proximity, Active, No, false
"2017-03-12T17:06:00Z", Device Orientation, Screen Orientation, Unknown, NULL
"2017-03-12T17:06:00Z", Device Orientation, Screen Face Direction, Up, Up
"2017-03-12T17:06:00Z", Cell Radio, Radio Access Technology, 4G (LTE), 4G (LTE)
"2017-03-12T17:06:00Z", Cell Radio, Carrier, AT&T, AT&T
"2017-03-12T17:06:00Z", Magnetometer (corrected for device), x, 0, 0.0
"2017-03-12T17:06:00Z", Magnetometer (corrected for device), y, 0, 0.0
"2017-03-12T17:06:00Z", Magnetometer (corrected for device), z, 0, 0.0
"2017-03-12T17:06:00Z", Magnetometer (corrected for device), Estimated Accuracy, Uncalibrated, Uncalibrated
"2017-03-12T17:06:00Z", Magnetometer (raw), x, 110.6822509765625, 110.682250976562
"2017-03-12T17:06:00Z", Magnetometer (raw), y, 330.3626098632812, 330.362609863281
"2017-03-12T17:06:00Z", Magnetometer (raw), z, -500.17529296875, -500.17529296875
"2017-03-12T17:06:00Z", Gyrometer (raw), x, -0.03317126927359096, -0.033171269273591
"2017-03-12T17:06:00Z", Gyrometer (raw), y, -0.03445464660290014, -0.0344546466029001
"2017-03-12T17:06:00Z", Gyrometer (raw), z, 0.02588858895666028, 0.0258885889566603
"2017-03-12T17:06:00Z", Attitude, Roll, -0.0001705744354974237, -0.000170574435497424
"2017-03-12T17:06:00Z", Attitude, Yaw, 0.0001281603934368195, 0.00012816039343682
"2017-03-12T17:06:00Z", Attitude, Pitch, -0.0001642418890475658, -0.000164241889047566
"2017-03-12T17:06:00Z", Attitude, Quarternion w, 0.9999999909375359, 0.999999990937536
"2017-03-12T17:06:00Z", Attitude, Quarternion x, -0.00008211547874254333, -8.21154787425433e-05
"2017-03-12T17:06:00Z", Attitude, Quarternion y, -0.00008529247950887943, -8.52924795088794e-05
"2017-03-12T17:06:00Z", Attitude, Quarternion z, 0.00006408720009227088, 6.40872000922709e-05
"2017-03-12T17:06:00Z", Acceleration (via Gravity), x, -0.0001705744361970574, -0.000170574436197057
"2017-03-12T17:06:00Z", Acceleration (via Gravity), y, 0.0001642418937990442, 0.000164241893799044
"2017-03-12T17:06:00Z", Acceleration (via Gravity), z, -1, -1.0
"2017-03-12T17:06:00Z", Acceleration (via User), x, 0, 0.0
"2017-03-12T17:06:00Z", Acceleration (via User), y, 0, 0.0
"2017-03-12T17:06:00Z", Acceleration (via User), z, 0, 0.0
"2017-03-12T17:06:00Z", Acceleration (total), x, -0.0001705744361970574, -0.000170574436197057
"2017-03-12T17:06:00Z", Acceleration (total), y, 0.0001642418937990442, 0.000164241893799044
"2017-03-12T17:06:00Z", Acceleration (total), z, -1, -1.0
"2017-03-12T17:06:00Z", Gyrometer (smooth), x, -0.03317127004265785, -0.0331712700426579
"2017-03-12T17:06:00Z", Gyrometer (smooth), y, -0.03445464745163918, -0.0344546474516392
"2017-03-12T17:06:00Z", Gyrometer (smooth), z, 0.0258885882794857, 0.0258885882794857
"2017-03-12T17:06:00Z", Accelerometer (raw), x, 0.176513671875, 0.176513671875
"2017-03-12T17:06:00Z", Accelerometer (raw), y, -0.3775177001953125, -0.377517700195312
"2017-03-12T17:06:00Z", Accelerometer (raw), z, -0.8984527587890625, -0.898452758789062
"2017-03-12T17:06:00Z", GPS, Enabled, Yes, true
"2017-03-12T17:06:00Z", GPS, Authorisation Status, Authorised When In Use, Authorised When In Use
"2017-03-12T17:06:00Z", GPS, Latitude, 40.72054015838496, 40.720540158385
"2017-03-12T17:06:00Z", GPS, Longitude, -73.97973533327178, -73.9797353332718
"2017-03-12T17:06:00Z", GPS, Altitude, 5.732217788696289 Meters, 5.73221778869629
"2017-03-12T17:06:00Z", GPS, Floor, No Data, NULL
"2017-03-12T17:06:00Z", GPS, Horizontal Accuracy, 236.0458047453553 Meters, 236.045804745355
"2017-03-12T17:06:00Z", GPS, Vertical Accuracy, 10 Meters, 10.0
"2017-03-12T17:06:01Z", GPS, Enabled, Yes, true
"2017-03-12T17:06:01Z", GPS, Authorisation Status, Authorised When In Use, Authorised When In Use
"2017-03-12T17:06:01Z", GPS, Latitude, 40.72053660375212, 40.7205366037521
"2017-03-12T17:06:01Z", GPS, Longitude, -73.97985583060608, -73.9798558306061
"2017-03-12T17:06:01Z", GPS, Altitude, 5.708911418914795 Meters, 5.70891141891479
"2017-03-12T17:06:01Z", GPS, Floor, No Data, NULL
"2017-03-12T17:06:01Z", GPS, Horizontal Accuracy, 65 Meters, 65.0
"2017-03-12T17:06:01Z", GPS, Vertical Accuracy, 10 Meters, 10.0
"2017-03-12T17:06:01Z", Magnetometer (corrected for device), x, 25.261962890625, 25.261962890625
"2017-03-12T17:06:01Z", Magnetometer (corrected for device), y, -33.00894165039062, -33.0089416503906
"2017-03-12T17:06:01Z", Magnetometer (corrected for device), z, -23.528076171875, -23.528076171875
"2017-03-12T17:06:01Z", Magnetometer (corrected for device), Estimated Accuracy, High, High
"2017-03-12T17:06:01Z", Attitude, Roll, 0.1788377670549284, 0.178837767054928
"2017-03-12T17:06:01Z", Attitude, Yaw, -0.04072963843527196, -0.040729638435272
"2017-03-12T17:06:01Z", Attitude, Pitch, 0.3941263464501512, 0.394126346450151
"2017-03-12T17:06:01Z", Attitude, Quarternion w, 0.9768814307326362, 0.976881430732636
"2017-03-12T17:06:01Z", Attitude, Quarternion x, 0.1967507877502447, 0.196750787750245
"2017-03-12T17:06:01Z", Attitude, Quarternion y, 0.08358225860969663, 0.0835822586096966
"2017-03-12T17:06:01Z", Attitude, Quarternion z, -0.002409119157919068, -0.00240911915791907
"2017-03-12T17:06:01Z", Acceleration (via Gravity), x, 0.1642479002475739, 0.164247900247574
"2017-03-12T17:06:01Z", Acceleration (via Gravity), y, -0.3840016722679138, -0.384001672267914
"2017-03-12T17:06:01Z", Acceleration (via Gravity), z, -0.9086062908172607, -0.908606290817261
"2017-03-12T17:06:01Z", Acceleration (via User), x, -0.001894389279186726, -0.00189438927918673
"2017-03-12T17:06:01Z", Acceleration (via User), y, -0.002366135129705071, -0.00236613512970507
"2017-03-12T17:06:01Z", Acceleration (via User), z, 0.005255436990410089, 0.00525543699041009
"2017-03-12T17:06:01Z", Acceleration (total), x, 0.1623535109683871, 0.162353510968387
"2017-03-12T17:06:01Z", Acceleration (total), y, -0.3863678073976189, -0.386367807397619
"2017-03-12T17:06:01Z", Acceleration (total), z, -0.9033508538268507, -0.903350853826851
"2017-03-12T17:06:01Z", Gyrometer (smooth), x, 0.02179497107863426, 0.0217949710786343
"2017-03-12T17:06:01Z", Gyrometer (smooth), y, -0.005880992393940687, -0.00588099239394069
"2017-03-12T17:06:01Z", Gyrometer (smooth), z, 0.0007345260819420218, 0.000734526081942022
"2017-03-12T17:06:01Z", Device, Model, iPhone, iPhone
"2017-03-12T17:06:01Z", Device, Name, Kyle Gallatin’s iPhone, Kyle Gallatin’s iPhone
"2017-03-12T17:06:01Z", Device, OS Name, iOS, iOS
"2017-03-12T17:06:01Z", Device, iOS Version, 10.2.1, 10.2.1
"2017-03-12T17:06:01Z", Device, Audio Output Method, Speaker, Speaker
"2017-03-12T17:06:01Z", Device, Supports Touch ID, No, false
"2017-03-12T17:06:01Z", WiFi, Connected SSID, TC8717TD8-5G, TC8717TD8-5G
"2017-03-12T17:06:01Z", WiFi, Connected BSSID, 80:29:94:ff:e3:df, 80:29:94:ff:e3:df
"2017-03-12T17:06:01Z", Compass, Heading (True North), 210.7990570068359º, 210.799057006836
"2017-03-12T17:06:01Z", Compass, Heading (Magnetic North), 223.7321319580078º, 223.732131958008
"2017-03-12T17:06:01Z", Compass, x, 25.26286315917969, 25.2628631591797
"2017-03-12T17:06:01Z", Compass, y, -32.85894775390625, -32.8589477539062
"2017-03-12T17:06:01Z", Compass, z, -23.52838134765625, -23.5283813476562
"2017-03-12T17:06:01Z", Magnetometer (raw), x, 110.3794860839844, 110.379486083984
"2017-03-12T17:06:01Z", Magnetometer (raw), y, 329.8386840820312, 329.838684082031
"2017-03-12T17:06:01Z", Magnetometer (raw), z, -500.9266357421875, -500.926635742188
"2017-03-12T17:06:01Z", Accelerometer (raw), x, 0.1638641357421875, 0.163864135742188
"2017-03-12T17:06:01Z", Accelerometer (raw), y, -0.3878326416015625, -0.387832641601562
"2017-03-12T17:06:01Z", Accelerometer (raw), z, -0.9091949462890625, -0.909194946289062
"2017-03-12T17:06:01Z", Gyrometer (raw), x, 0.03849865671818547, 0.0384986567181855
"2017-03-12T17:06:01Z", Gyrometer (raw), y, -0.02981994735783525, -0.0298199473578352
"2017-03-12T17:06:01Z", Gyrometer (raw), z, 0.00442404320283963, 0.00442404320283963
"2017-03-12T17:06:01Z", Altimeter (Barometer), Relative Altitude, 0 Meters, 0
"2017-03-12T17:06:01Z", Altimeter (Barometer), Pressure, 102.345008850098 kPa, 102.3450088500977
"2017-03-12T17:06:02Z", Magnetometer (corrected for device), x, 32.00796508789062, 32.0079650878906
"2017-03-12T17:06:02Z", Magnetometer (corrected for device), y, -32.80755615234375, -32.8075561523438
"2017-03-12T17:06:02Z", Magnetometer (corrected for device), z, -13.12454223632812, -13.1245422363281
"2017-03-12T17:06:02Z", Magnetometer (corrected for device), Estimated Accuracy, High, High
"2017-03-12T17:06:02Z", Attitude, Roll, 0.468930152649682, 0.468930152649682
"2017-03-12T17:06:02Z", Attitude, Yaw, -0.1956648096112416, -0.195664809611242
"2017-03-12T17:06:02Z", Attitude, Pitch, 0.5005948286349176, 0.500594828634918
"2017-03-12T17:06:02Z", Attitude, Quarternion w, 0.9434448937499686, 0.943444893749969
"2017-03-12T17:06:02Z", Attitude, Quarternion x, 0.2617482793132568, 0.261748279313257
"2017-03-12T17:06:02Z", Attitude, Quarternion y, 0.2004752687693943, 0.200475268769394
"2017-03-12T17:06:02Z", Attitude, Quarternion z, -0.03477409014625472, -0.0347740901462547
"2017-03-12T17:06:02Z", Acceleration (via Gravity), x, 0.3964788615703583, 0.396478861570358
"2017-03-12T17:06:02Z", Acceleration (via Gravity), y, -0.4799474775791168, -0.479947477579117
"2017-03-12T17:06:02Z", Acceleration (via Gravity), z, -0.7825950384140015, -0.782595038414001
"2017-03-12T17:06:02Z", Acceleration (via User), x, 0.05058840662240982, 0.0505884066224098
"2017-03-12T17:06:02Z", Acceleration (via User), y, 0.002042191568762064, 0.00204219156876206
"2017-03-12T17:06:02Z", Acceleration (via User), z, 0.07234415411949158, 0.0723441541194916
"2017-03-12T17:06:02Z", Acceleration (total), x, 0.4470672681927681, 0.447067268192768
"2017-03-12T17:06:02Z", Acceleration (total), y, -0.4779052860103548, -0.477905286010355
"2017-03-12T17:06:02Z", Acceleration (total), z, -0.7102508842945099, -0.71025088429451
"2017-03-12T17:06:02Z", Gyrometer (smooth), x, -0.215298667550087, -0.215298667550087
"2017-03-12T17:06:02Z", Gyrometer (smooth), y, 0.3583183288574219, 0.358318328857422
"2017-03-12T17:06:02Z", Gyrometer (smooth), z, -0.04313445463776588, -0.0431344546377659
"2017-03-12T17:06:02Z", Magnetometer (raw), x, 116.9047393798828, 116.904739379883
"2017-03-12T17:06:02Z", Magnetometer (raw), y, 330.5658264160156, 330.565826416016
"2017-03-12T17:06:02Z", Magnetometer (raw), z, -492.7008972167969, -492.700897216797
"2017-03-12T17:06:02Z", Accelerometer (raw), x, 0.3258819580078125, 0.325881958007812
"2017-03-12T17:06:02Z", Accelerometer (raw), y, -0.45281982421875, -0.45281982421875
"2017-03-12T17:06:02Z", Accelerometer (raw), z, -0.856536865234375, -0.856536865234375
"2017-03-12T17:06:02Z", Device, Model, iPhone, iPhone
"2017-03-12T17:06:02Z", Device, Name, Kyle Gallatin’s iPhone, Kyle Gallatin’s iPhone
"2017-03-12T17:06:02Z", Device, OS Name, iOS, iOS
"2017-03-12T17:06:02Z", Device, iOS Version, 10.2.1, 10.2.1
"2017-03-12T17:06:02Z", Device, Audio Output Method, Speaker, Speaker
"2017-03-12T17:06:02Z", Device, Supports Touch ID, No, false
"2017-03-12T17:06:02Z", WiFi, Connected SSID, TC8717TD8-5G, TC8717TD8-5G
"2017-03-12T17:06:02Z", WiFi, Connected BSSID, 80:29:94:ff:e3:df, 80:29:94:ff:e3:df
"2017-03-12T17:06:02Z", Compass, Heading (True North), 215.2956848144531º, 215.295684814453
"2017-03-12T17:06:02Z", Compass, Heading (Magnetic North), 228.228759765625º, 228.228759765625
"2017-03-12T17:06:02Z", Compass, x, 31.26461791992188, 31.2646179199219
"2017-03-12T17:06:02Z", Compass, y, -31.97998046875, -31.97998046875
"2017-03-12T17:06:02Z", Compass, z, -16.50711059570312, -16.5071105957031
"2017-03-12T17:06:02Z", GPS, Enabled, Yes, true
"2017-03-12T17:06:02Z", GPS, Authorisation Status, Authorised When In Use, Authorised When In Use
"2017-03-12T17:06:02Z", GPS, Latitude, 40.72058903716803, 40.720589037168
"2017-03-12T17:06:02Z", GPS, Longitude, -73.97983444486243, -73.9798344448624
"2017-03-12T17:06:02Z", GPS, Altitude, 5.711739540100098 Meters, 5.7117395401001
"2017-03-12T17:06:02Z", GPS, Floor, No Data, NULL
"2017-03-12T17:06:02Z", GPS, Horizontal Accuracy, 65 Meters, 65.0
"2017-03-12T17:06:02Z", GPS, Vertical Accuracy, 10 Meters, 10.0
"2017-03-12T17:06:02Z", Gyrometer (raw), x, -0.4051586808586599, -0.40515868085866
"2017-03-12T17:06:02Z", Gyrometer (raw), y, -0.6286197342372466, -0.628619734237247
"2017-03-12T17:06:02Z", Gyrometer (raw), z, 0.06166389714413071, 0.0616638971441307
"2017-03-12T17:06:02Z", Altimeter (Barometer), Relative Altitude, 0.0079803466796875 Meters, 0.0079803466796875
"2017-03-12T17:06:02Z", Altimeter (Barometer), Pressure, 102.344924926758 kPa, 102.3449249267578
"2017-03-12T17:06:03Z", Magnetometer (corrected for device), x, 26.77674865722656, 26.7767486572266
"2017-03-12T17:06:03Z", Magnetometer (corrected for device), y, -30.68927001953125, -30.6892700195312
"2017-03-12T17:06:03Z", Magnetometer (corrected for device), z, -25.24560546875, -25.24560546875
"2017-03-12T17:06:03Z", Magnetometer (corrected for device), Estimated Accuracy, High, High
"2017-03-12T17:06:03Z", Attitude, Roll, 0.1567986678991345, 0.156798667899134
"2017-03-12T17:06:03Z", Attitude, Yaw, -0.1075133427620629, -0.107513342762063
"2017-03-12T17:06:03Z", Attitude, Pitch, 0.357876215925259, 0.357876215925259
"2017-03-12T17:06:03Z", Attitude, Quarternion w, 0.9803425128321378, 0.980342512832138
"2017-03-12T17:06:03Z", Attitude, Quarternion x, 0.1813226660590648, 0.181322666059065
"2017-03-12T17:06:03Z", Attitude, Quarternion y, 0.06742333162817102, 0.067423331628171
"2017-03-12T17:06:03Z", Attitude, Quarternion z, -0.03879101261066076, -0.0387910126106608
"2017-03-12T17:06:03Z", Acceleration (via Gravity), x, 0.1462633013725281, 0.146263301372528
"2017-03-12T17:06:03Z", Acceleration (via Gravity), y, -0.3502857983112335, -0.350285798311234
"2017-03-12T17:06:03Z", Acceleration (via Gravity), z, -0.9251523613929749, -0.925152361392975
"2017-03-12T17:06:03Z", Acceleration (via User), x, -0.03113573230803013, -0.0311357323080301
"2017-03-12T17:06:03Z", Acceleration (via User), y, 0.006657867692410946, 0.00665786769241095
"2017-03-12T17:06:03Z", Acceleration (via User), z, -0.004413059446960688, -0.00441305944696069
"2017-03-12T17:06:03Z", Acceleration (total), x, 0.1151275690644979, 0.115127569064498
"2017-03-12T17:06:03Z", Acceleration (total), y, -0.3436279306188226, -0.343627930618823
"2017-03-12T17:06:03Z", Acceleration (total), z, -0.9295654208399355, -0.929565420839936
"2017-03-12T17:06:03Z", Gyrometer (smooth), x, 0.07467630505561829, 0.0746763050556183
"2017-03-12T17:06:03Z", Gyrometer (smooth), y, 0.1766043603420258, 0.176604360342026
"2017-03-12T17:06:03Z", Gyrometer (smooth), z, -0.000647802313324064, -0.000647802313324064
"2017-03-12T17:06:03Z", Magnetometer (raw), x, 111.5909423828125, 111.590942382812
"2017-03-12T17:06:03Z", Magnetometer (raw), y, 331.6344604492188, 331.634460449219
"2017-03-12T17:06:03Z", Magnetometer (raw), z, -502.2705383300781, -502.270538330078
"2017-03-12T17:06:03Z", Accelerometer (raw), x, 0.15570068359375, 0.15570068359375
"2017-03-12T17:06:03Z", Accelerometer (raw), y, -0.36737060546875, -0.36737060546875
"2017-03-12T17:06:03Z", Accelerometer (raw), z, -0.9303131103515625, -0.930313110351562
"2017-03-12T17:06:03Z", Device, Model, iPhone, iPhone
"2017-03-12T17:06:03Z", Device, Name, Kyle Gallatin’s iPhone, Kyle Gallatin’s iPhone
"2017-03-12T17:06:03Z", Device, OS Name, iOS, iOS
"2017-03-12T17:06:03Z", Device, iOS Version, 10.2.1, 10.2.1
"2017-03-12T17:06:03Z", Device, Audio Output Method, Speaker, Speaker
"2017-03-12T17:06:03Z", Device, Supports Touch ID, No, false
"2017-03-12T17:06:03Z", WiFi, Connected SSID, TC8717TD8-5G, TC8717TD8-5G
"2017-03-12T17:06:03Z", WiFi, Connected BSSID, 80:29:94:ff:e3:df, 80:29:94:ff:e3:df
"2017-03-12T17:06:03Z", Compass, Heading (True North), 214.1065368652344º, 214.106536865234
"2017-03-12T17:06:03Z", Compass, Heading (Magnetic North), 227.0396118164062º, 227.039611816406
"2017-03-12T17:06:03Z", Compass, x, 26.249267578125, 26.249267578125
"2017-03-12T17:06:03Z", Compass, y, -31.06240844726562, -31.0624084472656
"2017-03-12T17:06:03Z", Compass, z, -24.799072265625, -24.799072265625
"2017-03-12T17:06:03Z", Gyrometer (raw), x, 0.09251581942437166, 0.0925158194243717
"2017-03-12T17:06:03Z", Gyrometer (raw), y, 0.148049918687467, 0.148049918687467
"2017-03-12T17:06:03Z", Gyrometer (raw), z, 0.041440650774396, 0.041440650774396
"2017-03-12T17:06:03Z", Altimeter (Barometer), Relative Altitude, 0.012969970703125 Meters, 0.012969970703125
"2017-03-12T17:06:03Z", Altimeter (Barometer), Pressure, 102.344848632812 kPa, 102.3448486328125
"2017-03-12T17:06:04Z", Magnetometer (corrected for device), x, 26.84521484375, 26.84521484375
"2017-03-12T17:06:04Z", Magnetometer (corrected for device), y, -31.66448974609375, -31.6644897460938
"2017-03-12T17:06:04Z", Magnetometer (corrected for device), z, -23.89309692382812, -23.8930969238281
"2017-03-12T17:06:04Z", Magnetometer (corrected for device), Estimated Accuracy, High, High
"2017-03-12T17:06:04Z", Attitude, Roll, 0.1845584234122808, 0.184558423412281
"2017-03-12T17:06:04Z", Attitude, Yaw, -0.1016494723709451, -0.101649472370945
"2017-03-12T17:06:04Z", Attitude, Pitch, 0.3803128636897083, 0.380312863689708
"2017-03-12T17:06:04Z", Attitude, Quarternion w, 0.9774188808914612, 0.977418880891461
"2017-03-12T17:06:04Z", Attitude, Quarternion x, 0.1925622968935378, 0.192562296893538
"2017-03-12T17:06:04Z", Attitude, Quarternion y, 0.08080893178258113, 0.0808089317825811
"2017-03-12T17:06:04Z", Attitude, Quarternion z, -0.03228017404115419, -0.0322801740411542
"2017-03-12T17:06:04Z", Acceleration (via Gravity), x, 0.1704002469778061, 0.170400246977806
"2017-03-12T17:06:04Z", Acceleration (via Gravity), y, -0.3712109923362732, -0.371210992336273
"2017-03-12T17:06:04Z", Acceleration (via Gravity), z, -0.9127793312072754, -0.912779331207275
"2017-03-12T17:06:04Z", Acceleration (via User), x, 0.001337430672720075, 0.00133743067272007
"2017-03-12T17:06:04Z", Acceleration (via User), y, 0.006861631292849779, 0.00686163129284978
"2017-03-12T17:06:04Z", Acceleration (via User), z, -0.005250428337603807, -0.00525042833760381
"2017-03-12T17:06:04Z", Acceleration (total), x, 0.1717376776505262, 0.171737677650526
"2017-03-12T17:06:04Z", Acceleration (total), y, -0.3643493610434234, -0.364349361043423
"2017-03-12T17:06:04Z", Acceleration (total), z, -0.9180297595448792, -0.918029759544879
"2017-03-12T17:06:04Z", Gyrometer (smooth), x, 0.003605674719437957, 0.00360567471943796
"2017-03-12T17:06:04Z", Gyrometer (smooth), y, -0.01419336255639791, -0.0141933625563979
"2017-03-12T17:06:04Z", Gyrometer (smooth), z, 0.002998502925038338, 0.00299850292503834
"2017-03-12T17:06:04Z", Magnetometer (raw), x, 110.7639007568359, 110.763900756836
"2017-03-12T17:06:04Z", Magnetometer (raw), y, 331.2623596191406, 331.262359619141
"2017-03-12T17:06:04Z", Magnetometer (raw), z, -502.6513977050781, -502.651397705078
"2017-03-12T17:06:04Z", Device, Model, iPhone, iPhone
"2017-03-12T17:06:04Z", Device, Name, Kyle Gallatin’s iPhone, Kyle Gallatin’s iPhone
"2017-03-12T17:06:04Z", Device, OS Name, iOS, iOS
"2017-03-12T17:06:04Z", Device, iOS Version, 10.2.1, 10.2.1
"2017-03-12T17:06:04Z", Device, Audio Output Method, Speaker, Speaker
"2017-03-12T17:06:04Z", Device, Supports Touch ID, No, false
"2017-03-12T17:06:04Z", WiFi, Connected SSID, TC8717TD8-5G, TC8717TD8-5G
"2017-03-12T17:06:04Z", WiFi, Connected BSSID, 80:29:94:ff:e3:df, 80:29:94:ff:e3:df
"2017-03-12T17:06:04Z", Compass, Heading (True North), 214.0004425048828º, 214.000442504883
"2017-03-12T17:06:04Z", Compass, Heading (Magnetic North), 226.9335174560547º, 226.933517456055
"2017-03-12T17:06:04Z", Compass, x, 26.02236938476562, 26.0223693847656
"2017-03-12T17:06:04Z", Compass, y, -31.43661499023438, -31.4366149902344
"2017-03-12T17:06:04Z", Compass, z, -25.47512817382812, -25.4751281738281
"2017-03-12T17:06:04Z", Accelerometer (raw), x, 0.0912933349609375, 0.0912933349609375
"2017-03-12T17:06:04Z", Accelerometer (raw), y, -0.331298828125, -0.331298828125
"2017-03-12T17:06:04Z", Accelerometer (raw), z, -0.850067138671875, -0.850067138671875
"2017-03-12T17:06:04Z", Gyrometer (raw), x, 0.03289323525578669, 0.0328932352557867
"2017-03-12T17:06:04Z", Gyrometer (raw), y, 0.1623215326530926, 0.162321532653093
"2017-03-12T17:06:04Z", Gyrometer (raw), z, -0.01401941261039513, -0.0140194126103951
"2017-03-12T17:06:04Z", Altimeter (Barometer), Relative Altitude, 0.0638351440429688 Meters, 0.06383514404296875
"2017-03-12T17:06:04Z", Altimeter (Barometer), Pressure, 102.344245910645 kPa, 102.3442459106445
"2017-03-12T17:06:05Z", Magnetometer (corrected for device), x, 25.64515686035156, 25.6451568603516
"2017-03-12T17:06:05Z", Magnetometer (corrected for device), y, -31.73529052734375, -31.7352905273438
"2017-03-12T17:06:05Z", Magnetometer (corrected for device), z, -24.65255737304688, -24.6525573730469
"2017-03-12T17:06:05Z", Magnetometer (corrected for device), Estimated Accuracy, High, High
"2017-03-12T17:06:05Z", Attitude, Roll, 0.1563094856981744, 0.156309485698174
"2017-03-12T17:06:05Z", Attitude, Yaw, -0.09929987845876825, -0.0992998784587683
"2017-03-12T17:06:05Z", Attitude, Pitch, 0.3818756090581479, 0.381875609058148
"2017-03-12T17:06:05Z", Attitude, Quarternion w, 0.9783587862435322, 0.978358786243532
"2017-03-12T17:06:05Z", Attitude, Quarternion x, 0.1927716973157863, 0.192771697315786
"2017-03-12T17:06:05Z", Attitude, Quarternion y, 0.06717192372614648, 0.0671719237261465
"2017-03-12T17:06:05Z", Attitude, Quarternion z, -0.03378003488751323, -0.0337800348875132
"2017-03-12T17:06:05Z", Acceleration (via Gravity), x, 0.1444601565599442, 0.144460156559944
"2017-03-12T17:06:05Z", Acceleration (via Gravity), y, -0.3726616203784943, -0.372661620378494
"2017-03-12T17:06:05Z", Acceleration (via Gravity), z, -0.9166539907455444, -0.916653990745544
"2017-03-12T17:06:05Z", Acceleration (via User), x, 0.007151175290346146, 0.00715117529034615
"2017-03-12T17:06:05Z", Acceleration (via User), y, 0.0008659734739921987, 0.000865973473992199
"2017-03-12T17:06:05Z", Acceleration (via User), z, 0.008756061084568501, 0.0087560610845685
"2017-03-12T17:06:05Z", Acceleration (total), x, 0.1516113318502903, 0.15161133185029
"2017-03-12T17:06:05Z", Acceleration (total), y, -0.3717956469045021, -0.371795646904502
"2017-03-12T17:06:05Z", Acceleration (total), z, -0.9078979296609759, -0.907897929660976
"2017-03-12T17:06:05Z", Gyrometer (smooth), x, 0.05071966722607613, 0.0507196672260761
"2017-03-12T17:06:05Z", Gyrometer (smooth), y, 0.03861324861645699, 0.038613248616457
"2017-03-12T17:06:05Z", Gyrometer (smooth), z, -0.005955626256763935, -0.00595562625676394
"2017-03-12T17:06:05Z", Device Orientation, Screen Orientation, Unknown, NULL
"2017-03-12T17:06:05Z", Device Orientation, Screen Face Direction, Up, Up
"2017-03-12T17:06:06Z", Device, Model, iPhone, iPhone
"2017-03-12T17:06:06Z", Device, Name, Kyle Gallatin’s iPhone, Kyle Gallatin’s iPhone
"2017-03-12T17:06:06Z", Device, OS Name, iOS, iOS
"2017-03-12T17:06:06Z", Device, iOS Version, 10.2.1, 10.2.1
"2017-03-12T17:06:06Z", Device, Audio Output Method, Speaker, Speaker
"2017-03-12T17:06:06Z", Device, Supports Touch ID, No, false
"2017-03-12T17:06:06Z", WiFi, Connected SSID, TC8717TD8-5G, TC8717TD8-5G
"2017-03-12T17:06:06Z", WiFi, Connected BSSID, 80:29:94:ff:e3:df, 80:29:94:ff:e3:df
"2017-03-12T17:06:06Z", Compass, Heading (True North), 213.9332275390625º, 213.933227539062
"2017-03-12T17:06:06Z", Compass, Heading (Magnetic North), 226.8663024902344º, 226.866302490234
"2017-03-12T17:06:06Z", Compass, x, 26.09501647949219, 26.0950164794922
"2017-03-12T17:06:06Z", Compass, y, -31.73687744140625, -31.7368774414062
"2017-03-12T17:06:06Z", Compass, z, -24.34893798828125, -24.3489379882812
"2017-03-12T17:06:06Z", Magnetometer (raw), x, 111.8113098144531, 111.811309814453
"2017-03-12T17:06:06Z", Magnetometer (raw), y, 330.9586486816406, 330.958648681641
"2017-03-12T17:06:06Z", Magnetometer (raw), z, -501.1424255371094, -501.142425537109
"2017-03-12T17:06:06Z", Accelerometer (raw), x, 0.168060302734375, 0.168060302734375
"2017-03-12T17:06:06Z", Accelerometer (raw), y, -0.3847198486328125, -0.384719848632812
"2017-03-12T17:06:06Z", Accelerometer (raw), z, -0.938507080078125, -0.938507080078125
"2017-03-12T17:06:06Z", Gyrometer (raw), x, 0.01493793687036346, 0.0149379368703635
"2017-03-12T17:06:06Z", Gyrometer (raw), y, -0.006438724567484574, -0.00643872456748457
"2017-03-12T17:06:06Z", Gyrometer (raw), z, 0.007488276353084802, 0.0074882763530848
"2017-03-12T17:06:06Z", Altimeter (Barometer), Relative Altitude, 0.0827789306640625 Meters, 0.0827789306640625
"2017-03-12T17:06:06Z", Altimeter (Barometer), Pressure, 102.344017028809 kPa, 102.3440170288086
"2017-03-12T17:06:06Z", Device Orientation, Screen Orientation, Portrait, Portrait
"2017-03-12T17:06:06Z", Device Orientation, Screen Face Direction, Up, Up
"2017-03-12T17:06:06Z", Device Orientation, Screen Orientation, Portrait, Portrait
"2017-03-12T17:06:06Z", Device Orientation, Screen Face Direction, Up, Up
"2017-03-12T17:06:06Z", Device Orientation, Screen Orientation, Portrait, Portrait
"2017-03-12T17:06:06Z", Device Orientation, Screen Face Direction, Up, Up
"2017-03-12T17:06:06Z", Cell Radio, Radio Access Technology, Unknown, NULL
"2017-03-12T17:06:06Z", Cell Radio, Carrier, AT&T, AT&T
"2017-03-12T17:06:06Z", Cell Radio, Radio Access Technology, Unknown, NULL
"2017-03-12T17:06:06Z", Cell Radio, Carrier, AT&T, AT&T
"2017-03-12T17:06:06Z", Cell Radio, Radio Access Technology, Unknown, NULL
"2017-03-12T17:06:06Z", Cell Radio, Carrier, AT&T, AT&T
"2017-03-12T17:06:06Z", Cell Radio, Radio Access Technology, Unknown, NULL
"2017-03-12T17:06:06Z", Cell Radio, Carrier, AT&T, AT&T
"2017-03-12T17:06:06Z", Magnetometer (corrected for device), x, 25.94271850585938, 25.9427185058594
"2017-03-12T17:06:06Z", Magnetometer (corrected for device), y, -32.03634643554688, -32.0363464355469
"2017-03-12T17:06:06Z", Magnetometer (corrected for device), z, -23.37457275390625, -23.3745727539062
"2017-03-12T17:06:06Z", Magnetometer (corrected for device), Estimated Accuracy, High, High
"2017-03-12T17:06:06Z", Acceleration (via Gravity), x, 0.1517893970012665, 0.151789397001266
"2017-03-12T17:06:06Z", Acceleration (via Gravity), y, -0.3995855152606964, -0.399585515260696
"2017-03-12T17:06:06Z", Acceleration (via Gravity), z, -0.9040417075157166, -0.904041707515717
"2017-03-12T17:06:06Z", Attitude, Roll, 0.1663492890071605, 0.166349289007161
"2017-03-12T17:06:06Z", Attitude, Yaw, -0.09784602693496386, -0.0978460269349639
"2017-03-12T17:06:06Z", Attitude, Pitch, 0.4110646653067946, 0.411064665306795
"2017-03-12T17:06:06Z", Attitude, Quarternion w, 0.9752301441701373, 0.975230144170137
"2017-03-12T17:06:06Z", Attitude, Quarternion x, 0.2071167647087034, 0.207116764708703
"2017-03-12T17:06:06Z", Attitude, Quarternion y, 0.07128673413463188, 0.0712867341346319
"2017-03-12T17:06:06Z", Attitude, Quarternion z, -0.03077357981961011, -0.0307735798196101
"2017-03-12T17:06:06Z", Acceleration (via User), x, 0.00160721386782825, 0.00160721386782825
"2017-03-12T17:06:06Z", Acceleration (via User), y, -0.005687908735126257, -0.00568790873512626
"2017-03-12T17:06:06Z", Acceleration (via User), z, -0.03602178022265434, -0.0360217802226543
"2017-03-12T17:06:06Z", Acceleration (total), x, 0.1533966108690947, 0.153396610869095
"2017-03-12T17:06:06Z", Acceleration (total), y, -0.4052734239958227, -0.405273423995823
"2017-03-12T17:06:06Z", Acceleration (total), z, -0.9400634877383709, -0.940063487738371
"2017-03-12T17:06:06Z", Gyrometer (smooth), x, -0.0153460344299674, -0.0153460344299674
"2017-03-12T17:06:06Z", Gyrometer (smooth), y, -0.04948872700333595, -0.049488727003336
"2017-03-12T17:06:06Z", Gyrometer (smooth), z, 0.01918181031942368, 0.0191818103194237
"2017-03-12T17:06:06Z", GPS, Enabled, Yes, true
"2017-03-12T17:06:06Z", GPS, Authorisation Status, Authorised When In Use, Authorised When In Use
"2017-03-12T17:06:06Z", GPS, Latitude, 40.72058903716803, 40.720589037168
"2017-03-12T17:06:06Z", GPS, Longitude, -73.97983444486243, -73.9798344448624
"2017-03-12T17:06:06Z", GPS, Altitude, 5.711739540100098 Meters, 5.7117395401001
"2017-03-12T17:06:06Z", GPS, Floor, No Data, NULL
"2017-03-12T17:06:06Z", GPS, Horizontal Accuracy, 65 Meters, 65.0
"2017-03-12T17:06:06Z", GPS, Vertical Accuracy, 10 Meters, 10.0
"2017-03-12T17:06:06Z", GPS, Enabled, Yes, true
"2017-03-12T17:06:06Z", GPS, Authorisation Status, Authorised When In Use, Authorised When In Use
"2017-03-12T17:06:06Z", GPS, Latitude, 40.72058903716803, 40.720589037168
"2017-03-12T17:06:06Z", GPS, Longitude, -73.97983444486243, -73.9798344448624
"2017-03-12T17:06:06Z", GPS, Altitude, 5.711739540100098 Meters, 5.7117395401001
"2017-03-12T17:06:06Z", GPS, Floor, No Data, NULL
"2017-03-12T17:06:06Z", GPS, Horizontal Accuracy, 65 Meters, 65.0
"2017-03-12T17:06:06Z", GPS, Vertical Accuracy, 10 Meters, 10.0
"2017-03-12T17:06:06Z", GPS, Enabled, Yes, true
"2017-03-12T17:06:06Z", GPS, Authorisation Status, Authorised When In Use, Authorised When In Use
"2017-03-12T17:06:06Z", GPS, Latitude, 40.72058903716803, 40.720589037168
"2017-03-12T17:06:06Z", GPS, Longitude, -73.97983444486243, -73.9798344448624
"2017-03-12T17:06:06Z", GPS, Altitude, 5.711739540100098 Meters, 5.7117395401001
"2017-03-12T17:06:06Z", GPS, Floor, No Data, NULL
"2017-03-12T17:06:06Z", GPS, Horizontal Accuracy, 65 Meters, 65.0
"2017-03-12T17:06:06Z", GPS, Vertical Accuracy, 10 Meters, 10.0
"2017-03-12T17:06:06Z", Device Orientation, Screen Orientation, Portrait, Portrait
"2017-03-12T17:06:06Z", Device Orientation, Screen Face Direction, Up, Up
"2017-03-12T17:06:06Z", Magnetometer (raw), x, 110.3120727539062, 110.312072753906
"2017-03-12T17:06:06Z", Magnetometer (raw), y, 331.0389099121094, 331.038909912109
"2017-03-12T17:06:06Z", Magnetometer (raw), z, -501.6795654296875, -501.679565429688
"2017-03-12T17:06:06Z", Device, Model, iPhone, iPhone
"2017-03-12T17:06:06Z", Device, Name, Kyle Gallatin’s iPhone, Kyle Gallatin’s iPhone
"2017-03-12T17:06:06Z", Device, OS Name, iOS, iOS
"2017-03-12T17:06:06Z", Device, iOS Version, 10.2.1, 10.2.1
"2017-03-12T17:06:06Z", Device, Audio Output Method, Speaker, Speaker
"2017-03-12T17:06:06Z", Device, Supports Touch ID, No, false
"2017-03-12T17:06:06Z", WiFi, Connected SSID, TC8717TD8-5G, TC8717TD8-5G
"2017-03-12T17:06:06Z", WiFi, Connected BSSID, 80:29:94:ff:e3:df, 80:29:94:ff:e3:df
"2017-03-12T17:06:06Z", Compass, Heading (True North), 213.7565765380859º, 213.756576538086
"2017-03-12T17:06:06Z", Compass, Heading (Magnetic North), 226.6896514892578º, 226.689651489258
"2017-03-12T17:06:06Z", Compass, x, 25.04229736328125, 25.0422973632812
"2017-03-12T17:06:06Z", Compass, y, -32.1832275390625, -32.1832275390625
"2017-03-12T17:06:06Z", Compass, z, -24.281494140625, -24.281494140625
"2017-03-12T17:06:06Z", Accelerometer (raw), x, 0.1274566650390625, 0.127456665039062
"2017-03-12T17:06:06Z", Accelerometer (raw), y, -0.3892974853515625, -0.389297485351562
"2017-03-12T17:06:06Z", Accelerometer (raw), z, -0.9132080078125, -0.9132080078125
"2017-03-12T17:06:06Z", Gyrometer (raw), x, 0.001032241238514713, 0.00103224123851471
"2017-03-12T17:06:06Z", Gyrometer (raw), y, -0.00008069378102940091, -8.06937810294009e-05
"2017-03-12T17:06:06Z", Gyrometer (raw), z, 0.008529039707087769, 0.00852903970708777
"2017-03-12T17:06:06Z", Device Orientation, Screen Orientation, Portrait, Portrait
"2017-03-12T17:06:06Z", Device Orientation, Screen Face Direction, Up, Up
"2017-03-12T17:06:07Z", Altimeter (Barometer), Relative Altitude, 0.170547485351562 Meters, 0.1705474853515625
"2017-03-12T17:06:07Z", Altimeter (Barometer), Pressure, 102.342956542969 kPa, 102.3429565429688
"2017-03-12T17:06:07Z", Magnetometer (corrected for device), x, 25.49310302734375, 25.4931030273438
"2017-03-12T17:06:07Z", Magnetometer (corrected for device), y, -32.03475952148438, -32.0347595214844
"2017-03-12T17:06:07Z", Magnetometer (corrected for device), z, -24.12820434570312, -24.1282043457031
"2017-03-12T17:06:07Z", Magnetometer (corrected for device), Estimated Accuracy, High, High
"2017-03-12T17:06:07Z", Attitude, Roll, 0.1507296757885344, 0.150729675788534
"2017-03-12T17:06:07Z", Attitude, Yaw, -0.09590413208393112, -0.0959041320839311
"2017-03-12T17:06:07Z", Attitude, Pitch, 0.4019712277497192, 0.401971227749719
"2017-03-12T17:06:07Z", Attitude, Quarternion w, 0.9766862035437246, 0.976686203543725
"2017-03-12T17:06:07Z", Attitude, Quarternion x, 0.202376140521372, 0.202376140521372
"2017-03-12T17:06:07Z", Attitude, Quarternion y, 0.06415098280177853, 0.0641509828017785
"2017-03-12T17:06:07Z", Attitude, Quarternion z, -0.03182151725784741, -0.0318215172578474
"2017-03-12T17:06:07Z", Acceleration (via Gravity), x, 0.1381905972957611, 0.138190597295761
"2017-03-12T17:06:07Z", Acceleration (via Gravity), y, -0.3912332057952881, -0.391233205795288
"2017-03-12T17:06:07Z", Acceleration (via Gravity), z, -0.9098570942878723, -0.909857094287872
"2017-03-12T17:06:07Z", Acceleration (via User), x, -0.002234780928120017, -0.00223478092812002
"2017-03-12T17:06:07Z", Acceleration (via User), y, -0.001940012210980058, -0.00194001221098006
"2017-03-12T17:06:07Z", Acceleration (via User), z, 0.01119071617722511, 0.0111907161772251
"2017-03-12T17:06:07Z", Acceleration (total), x, 0.1359558163676411, 0.135955816367641
"2017-03-12T17:06:07Z", Acceleration (total), y, -0.3931732180062681, -0.393173218006268
"2017-03-12T17:06:07Z", Acceleration (total), z, -0.8986663781106472, -0.898666378110647
"2017-03-12T17:06:07Z", Gyrometer (smooth), x, -0.02195004560053349, -0.0219500456005335
"2017-03-12T17:06:07Z", Gyrometer (smooth), y, 0.04987639561295509, 0.0498763956129551
"2017-03-12T17:06:07Z", Gyrometer (smooth), z, -0.007288311142474413, -0.00728831114247441
"2017-03-12T17:06:07Z", Magnetometer (raw), x, 110.53662109375, 110.53662109375
"2017-03-12T17:06:07Z", Magnetometer (raw), y, 330.963134765625, 330.963134765625
"2017-03-12T17:06:07Z", Magnetometer (raw), z, -501.6776123046875, -501.677612304688
"2017-03-12T17:06:07Z", Device, Model, iPhone, iPhone
"2017-03-12T17:06:07Z", Device, Name, Kyle Gallatin’s iPhone, Kyle Gallatin’s iPhone
"2017-03-12T17:06:07Z", Device, OS Name, iOS, iOS
"2017-03-12T17:06:07Z", Device, iOS Version, 10.2.1, 10.2.1
"2017-03-12T17:06:07Z", Device, Audio Output Method, Speaker, Speaker
"2017-03-12T17:06:07Z", Device, Supports Touch ID, No, false
"2017-03-12T17:06:07Z", WiFi, Connected SSID, TC8717TD8-5G, TC8717TD8-5G
"2017-03-12T17:06:07Z", WiFi, Connected BSSID, 80:29:94:ff:e3:df, 80:29:94:ff:e3:df
"2017-03-12T17:06:07Z", Compass, Heading (True North), 213.5511932373047º, 213.551193237305
"2017-03-12T17:06:07Z", Compass, Heading (Magnetic North), 226.4842681884766º, 226.484268188477
"2017-03-12T17:06:07Z", Compass, x, 25.64363098144531, 25.6436309814453
"2017-03-12T17:06:07Z", Compass, y, -31.96029663085938, -31.9602966308594
"2017-03-12T17:06:07Z", Compass, z, -24.27713012695312, -24.2771301269531
"2017-03-12T17:06:07Z", Accelerometer (raw), x, 0.1628265380859375, 0.162826538085938
"2017-03-12T17:06:07Z", Accelerometer (raw), y, -0.40203857421875, -0.40203857421875
"2017-03-12T17:06:07Z", Accelerometer (raw), z, -1.002090454101562, -1.00209045410156
"2017-03-12T17:06:07Z", Gyrometer (raw), x, 0.03873035173302236, 0.0387303517330224
"2017-03-12T17:06:07Z", Gyrometer (raw), y, -0.1363756857329956, -0.136375685732996
"2017-03-12T17:06:07Z", Gyrometer (raw), z, -0.00546693708571466, -0.00546693708571466
"2017-03-12T17:06:07Z", Magnetometer (corrected for device), x, 23.92051696777344, 23.9205169677734
"2017-03-12T17:06:07Z", Magnetometer (corrected for device), y, -31.65426635742188, -31.6542663574219
"2017-03-12T17:06:07Z", Magnetometer (corrected for device), z, -24.36651611328125, -24.3665161132812
"2017-03-12T17:06:07Z", Magnetometer (corrected for device), Estimated Accuracy, High, High
"2017-03-12T17:06:08Z", Attitude, Roll, 0.1535003581442801, 0.15350035814428
"2017-03-12T17:06:08Z", Attitude, Yaw, -0.09979642007483193, -0.0997964200748319
"2017-03-12T17:06:08Z", Attitude, Pitch, 0.3926473063265539, 0.392647306326554
"2017-03-12T17:06:08Z", Attitude, Quarternion w, 0.9774318737956378, 0.977431873795638
"2017-03-12T17:06:08Z", Attitude, Quarternion x, 0.1979995014500086, 0.197999501450009
"2017-03-12T17:06:08Z", Attitude, Quarternion y, 0.06540764081522271, 0.0654076408152227
"2017-03-12T17:06:08Z", Attitude, Quarternion z, -0.03383740588294241, -0.0338374058829424
"2017-03-12T17:06:08Z", Acceleration (via Gravity), x, 0.1412626057863235, 0.141262605786324
"2017-03-12T17:06:08Z", Acceleration (via Gravity), y, -0.3826355934143066, -0.382635593414307
"2017-03-12T17:06:08Z", Acceleration (via Gravity), z, -0.913036048412323, -0.913036048412323
"2017-03-12T17:06:08Z", Acceleration (via User), x, -0.004864289425313473, -0.00486428942531347
"2017-03-12T17:06:08Z", Acceleration (via User), y, -0.007379050832241774, -0.00737905083224177
"2017-03-12T17:06:08Z", Acceleration (via User), z, 0.01075336150825024, 0.0107533615082502
"2017-03-12T17:06:08Z", Acceleration (total), x, 0.1363983163610101, 0.13639831636101
"2017-03-12T17:06:08Z", Acceleration (total), y, -0.3900146442465484, -0.390014644246548
"2017-03-12T17:06:08Z", Acceleration (total), z, -0.9022826869040728, -0.902282686904073
"2017-03-12T17:06:08Z", Gyrometer (smooth), x, 0.01631457917392254, 0.0163145791739225
"2017-03-12T17:06:08Z", Gyrometer (smooth), y, 0.05233510956168175, 0.0523351095616817
"2017-03-12T17:06:08Z", Gyrometer (smooth), z, 0.00196746364235878, 0.00196746364235878
"2017-03-12T17:06:08Z", Device Orientation, Screen Orientation, Portrait, Portrait
"2017-03-12T17:06:08Z", Device Orientation, Screen Face Direction, Up, Up
"2017-03-12T17:06:08Z", Altimeter (Barometer), Relative Altitude, 0.17852783203125 Meters, 0.17852783203125
"2017-03-12T17:06:08Z", Altimeter (Barometer), Pressure, 102.342849731445 kPa, 102.3428497314453
"2017-03-12T17:06:08Z", GPS, Enabled, Yes, true
"2017-03-12T17:06:08Z", GPS, Authorisation Status, Authorised When In Use, Authorised When In Use
"2017-03-12T17:06:08Z", GPS, Latitude, 40.72059706652944, 40.7205970665294
"2017-03-12T17:06:08Z", GPS, Longitude, -73.97984731754678, -73.9798473175468
"2017-03-12T17:06:08Z", GPS, Altitude, 5.78205394744873 Meters, 5.78205394744873
"2017-03-12T17:06:08Z", GPS, Floor, No Data, NULL
"2017-03-12T17:06:08Z", GPS, Horizontal Accuracy, 65 Meters, 65.0
"2017-03-12T17:06:08Z", GPS, Vertical Accuracy, 10 Meters, 10.0
"2017-03-12T17:23:00Z", Device, Model, iPhone, iPhone
"2017-03-12T17:23:00Z", Device, Name, Kyle Gallatin’s iPhone, Kyle Gallatin’s iPhone
"2017-03-12T17:23:00Z", Device, OS Name, iOS, iOS
"2017-03-12T17:23:00Z", Device, iOS Version, 10.2.1, 10.2.1
"2017-03-12T17:23:00Z", Device, Audio Output Method, Speaker, Speaker
"2017-03-12T17:23:00Z", Device, Supports Touch ID, No, false
"2017-03-12T17:23:00Z", WiFi, Connected SSID, TC8717TD8-5G, TC8717TD8-5G
"2017-03-12T17:23:00Z", WiFi, Connected BSSID, 80:29:94:ff:e3:df, 80:29:94:ff:e3:df
"2017-03-12T17:23:00Z", Compass, Heading (True North), 212.5801544189453º, 212.580154418945
"2017-03-12T17:23:00Z", Compass, Heading (Magnetic North), 225.5132293701172º, 225.513229370117
"2017-03-12T17:23:00Z", Compass, x, 26.01699829101562, 26.0169982910156
"2017-03-12T17:23:00Z", Compass, y, -32.11160278320312, -32.1116027832031
"2017-03-12T17:23:00Z", Compass, z, -22.84884643554688, -22.8488464355469
"2017-03-12T17:23:00Z", Magnetometer (raw), x, 111.4332580566406, 111.433258056641
"2017-03-12T17:23:00Z", Magnetometer (raw), y, 330.510009765625, 330.510009765625
"2017-03-12T17:23:00Z", Magnetometer (raw), z, -500.3945617675781, -500.394561767578
"2017-03-12T17:23:00Z", Accelerometer (raw), x, 0.1691741943359375, 0.169174194335938
"2017-03-12T17:23:00Z", Accelerometer (raw), y, -0.3881988525390625, -0.388198852539062
"2017-03-12T17:23:00Z", Accelerometer (raw), z, -0.89727783203125, -0.89727783203125
"2017-03-12T17:23:00Z", Gyrometer (raw), x, 0.01951670973253669, 0.0195167097325367
"2017-03-12T17:23:00Z", Gyrometer (raw), y, -0.1288799525288586, -0.128879952528859
"2017-03-12T17:23:00Z", Gyrometer (raw), z, -0.0129565450193445, -0.0129565450193445
"2017-03-12T17:23:00Z", Magnetometer (corrected for device), x, 26.16438293457031, 26.1643829345703
"2017-03-12T17:23:00Z", Magnetometer (corrected for device), y, -32.5621337890625, -32.5621337890625
"2017-03-12T17:23:00Z", Magnetometer (corrected for device), z, -22.99679565429688, -22.9967956542969
"2017-03-12T17:23:00Z", Magnetometer (corrected for device), Estimated Accuracy, High, High
"2017-03-12T17:23:00Z", Attitude, Roll, 0.1820713190602149, 0.182071319060215
"2017-03-12T17:23:00Z", Attitude, Yaw, -0.09414494716809191, -0.0941449471680919
"2017-03-12T17:23:00Z", Attitude, Pitch, 0.4088965795521938, 0.408896579552194
"2017-03-12T17:23:00Z", Attitude, Quarternion w, 0.9749068636277326, 0.974906863627733
"2017-03-12T17:23:00Z", Attitude, Quarternion x, 0.2061509813915252, 0.206150981391525
"2017-03-12T17:23:00Z", Attitude, Quarternion y, 0.07940410304296716, 0.0794041030429672
"2017-03-12T17:23:00Z", Attitude, Quarternion z, -0.02744755986959744, -0.0274475598695974
"2017-03-12T17:23:00Z", Acceleration (via Gravity), x, 0.1661398857831955, 0.166139885783195
"2017-03-12T17:23:00Z", Acceleration (via Gravity), y, -0.3975971043109894, -0.397597104310989
"2017-03-12T17:23:00Z", Acceleration (via Gravity), z, -0.9023935198783875, -0.902393519878387
"2017-03-12T17:23:00Z", Acceleration (via User), x, -0.003465942805632949, -0.00346594280563295
"2017-03-12T17:23:00Z", Acceleration (via User), y, 0.005614083260297775, 0.00561408326029778
"2017-03-12T17:23:00Z", Acceleration (via User), z, -0.0166738610714674, -0.0166738610714674
"2017-03-12T17:23:00Z", Acceleration (total), x, 0.1626739429775625, 0.162673942977563
"2017-03-12T17:23:00Z", Acceleration (total), y, -0.3919830210506916, -0.391983021050692
"2017-03-12T17:23:00Z", Acceleration (total), z, -0.9190673809498549, -0.919067380949855
"2017-03-12T17:23:00Z", Gyrometer (smooth), x, 0.1052398979663849, 0.105239897966385
"2017-03-12T17:23:00Z", Gyrometer (smooth), y, -0.04296791180968285, -0.0429679118096828
"2017-03-12T17:23:00Z", Gyrometer (smooth), z, -0.01462276093661785, -0.0146227609366179
"2017-03-12T17:23:00Z", Altimeter (Barometer), Relative Altitude, 0.186508178710938 Meters, 0.1865081787109375
"2017-03-12T17:23:00Z", Altimeter (Barometer), Pressure, 102.342758178711 kPa, 102.3427581787109
"2017-03-12T17:23:00Z", Magnetometer (raw), x, 109.1722106933594, 109.172210693359
"2017-03-12T17:23:00Z", Magnetometer (raw), y, 328.7178955078125, 328.717895507812
"2017-03-12T17:23:00Z", Magnetometer (raw), z, -499.80908203125, -499.80908203125
"2017-03-12T17:23:00Z", Magnetometer (corrected for device), x, 23.67893981933594, 23.6789398193359
"2017-03-12T17:23:00Z", Magnetometer (corrected for device), y, -34.27841186523438, -34.2784118652344
"2017-03-12T17:23:00Z", Magnetometer (corrected for device), z, -22.71322631835938, -22.7132263183594
"2017-03-12T17:23:00Z", Magnetometer (corrected for device), Estimated Accuracy, High, High
"2017-03-12T17:23:00Z", Attitude, Roll, 0.08809497877670942, 0.0880949787767094
"2017-03-12T17:23:00Z", Attitude, Yaw, -0.1054506620024315, -0.105450662002432
"2017-03-12T17:23:00Z", Attitude, Pitch, 0.4848292861614268, 0.484829286161427
"2017-03-12T17:23:00Z", Attitude, Quarternion w, 0.9690289367640536, 0.969028936764054
"2017-03-12T17:23:00Z", Attitude, Quarternion x, 0.2417340160136671, 0.241734016013667
"2017-03-12T17:23:00Z", Attitude, Quarternion y, 0.03004792192574438, 0.0300479219257444
"2017-03-12T17:23:00Z", Attitude, Quarternion z, -0.04055499480680712, -0.0405549948068071
"2017-03-12T17:23:00Z", Acceleration (via Gravity), x, 0.07784165441989899, 0.077841654419899
"2017-03-12T17:23:00Z", Acceleration (via Gravity), y, -0.4660573303699493, -0.466057330369949
"2017-03-12T17:23:00Z", Acceleration (via Gravity), z, -0.8813235759735107, -0.881323575973511
"2017-03-12T17:23:00Z", Acceleration (via User), x, 0.005272968672215939, 0.00527296867221594
"2017-03-12T17:23:00Z", Acceleration (via User), y, -0.06293437629938126, -0.0629343762993813
"2017-03-12T17:23:00Z", Acceleration (via User), z, 0.01033663749694824, 0.0103366374969482
"2017-03-12T17:23:00Z", Acceleration (total), x, 0.08311462309211493, 0.0831146230921149
"2017-03-12T17:23:00Z", Acceleration (total), y, -0.5289917066693306, -0.528991706669331
"2017-03-12T17:23:00Z", Acceleration (total), z, -0.8709869384765625, -0.870986938476562
"2017-03-12T17:23:00Z", Gyrometer (smooth), x, -0.3720230460166931, -0.372023046016693
"2017-03-12T17:23:00Z", Gyrometer (smooth), y, -0.3185044527053833, -0.318504452705383
"2017-03-12T17:23:00Z", Gyrometer (smooth), z, 0.02114303968846798, 0.021143039688468
"2017-03-12T17:23:00Z", Magnetometer (raw), x, 92.29342651367188, 92.2934265136719
"2017-03-12T17:23:00Z", Magnetometer (raw), y, 328.2519836425781, 328.251983642578
"2017-03-12T17:23:00Z", Magnetometer (raw), z, -497.8431396484375, -497.843139648438
"2017-03-12T17:23:00Z", Altimeter (Barometer), Relative Altitude, 0.186508178710938 Meters, 0.1865081787109375
"2017-03-12T17:23:00Z", Altimeter (Barometer), Pressure, 102.342758178711 kPa, 102.3427581787109
"2017-03-12T17:23:00Z", Device Orientation, Screen Orientation, Portrait, Portrait
"2017-03-12T17:23:00Z", Device Orientation, Screen Face Direction, Up, Up
"2017-03-12T17:23:00Z", Device Orientation, Screen Orientation, Portrait, Portrait
"2017-03-12T17:23:00Z", Device Orientation, Screen Face Direction, Up, Up
"2017-03-12T17:23:00Z", Device Orientation, Screen Orientation, Portrait, Portrait
"2017-03-12T17:23:00Z", Device Orientation, Screen Face Direction, Up, Up
"2017-03-12T17:23:00Z", Accelerometer (raw), x, -0.1003875732421875, -0.100387573242188
"2017-03-12T17:23:00Z", Accelerometer (raw), y, -0.4363250732421875, -0.436325073242188
"2017-03-12T17:23:00Z", Accelerometer (raw), z, -0.887115478515625, -0.887115478515625
"2017-03-12T17:23:00Z", Gyrometer (raw), x, -0.004930576442172702, -0.0049305764421727
"2017-03-12T17:23:00Z", Gyrometer (raw), y, -0.1939662779898502, -0.19396627798985
"2017-03-12T17:23:00Z", Gyrometer (raw), z, -0.01564766930086957, -0.0156476693008696
"2017-03-12T17:23:00Z", GPS, Enabled, Yes, true
"2017-03-12T17:23:00Z", GPS, Authorisation Status, Authorised When In Use, Authorised When In Use
"2017-03-12T17:23:00Z", GPS, Latitude, 40.72062248954882, 40.7206224895488
"2017-03-12T17:23:00Z", GPS, Longitude, -73.97984547355037, -73.9798454735504
"2017-03-12T17:23:00Z", GPS, Altitude, 5.720456600189209 Meters, 5.72045660018921
"2017-03-12T17:23:00Z", GPS, Floor, No Data, NULL
"2017-03-12T17:23:00Z", GPS, Horizontal Accuracy, 65 Meters, 65.0
"2017-03-12T17:23:00Z", GPS, Vertical Accuracy, 10 Meters, 10.0
"2017-03-12T17:23:00Z", GPS, Enabled, Yes, true
"2017-03-12T17:23:00Z", GPS, Authorisation Status, Authorised When In Use, Authorised When In Use
"2017-03-12T17:23:00Z", GPS, Latitude, 40.72062248954882, 40.7206224895488
"2017-03-12T17:23:00Z", GPS, Longitude, -73.97984547355037, -73.9798454735504
"2017-03-12T17:23:00Z", GPS, Altitude, 5.720456600189209 Meters, 5.72045660018921
"2017-03-12T17:23:00Z", GPS, Floor, No Data, NULL
"2017-03-12T17:23:00Z", GPS, Horizontal Accuracy, 65 Meters, 65.0
"2017-03-12T17:23:00Z", GPS, Vertical Accuracy, 10 Meters, 10.0
"2017-03-12T17:23:00Z", GPS, Enabled, Yes, true
"2017-03-12T17:23:00Z", GPS, Authorisation Status, Authorised When In Use, Authorised When In Use
"2017-03-12T17:23:00Z", GPS, Latitude, 40.72062248954882, 40.7206224895488
"2017-03-12T17:23:00Z", GPS, Longitude, -73.97984547355037, -73.9798454735504
"2017-03-12T17:23:00Z", GPS, Altitude, 5.720456600189209 Meters, 5.72045660018921
"2017-03-12T17:23:00Z", GPS, Floor, No Data, NULL
"2017-03-12T17:23:00Z", GPS, Horizontal Accuracy, 65 Meters, 65.0
"2017-03-12T17:23:00Z", GPS, Vertical Accuracy, 10 Meters, 10.0
"2017-03-12T17:23:00Z", GPS, Enabled, Yes, true
"2017-03-12T17:23:00Z", GPS, Authorisation Status, Authorised When In Use, Authorised When In Use
"2017-03-12T17:23:00Z", GPS, Latitude, 40.72063007681882, 40.7206300768188
"2017-03-12T17:23:00Z", GPS, Longitude, -73.97983609799573, -73.9798360979957
"2017-03-12T17:23:00Z", GPS, Altitude, 5.759127616882324 Meters, 5.75912761688232
"2017-03-12T17:23:00Z", GPS, Floor, No Data, NULL
"2017-03-12T17:23:00Z", GPS, Horizontal Accuracy, 65 Meters, 65.0
"2017-03-12T17:23:00Z", GPS, Vertical Accuracy, 10 Meters, 10.0
"2017-03-12T17:23:00Z", Device Orientation, Screen Orientation, Portrait, Portrait
"2017-03-12T17:23:00Z", Device Orientation, Screen Face Direction, Up, Up
"2017-03-12T17:23:00Z", Device, Model, iPhone, iPhone
"2017-03-12T17:23:00Z", Device, Name, Kyle Gallatin’s iPhone, Kyle Gallatin’s iPhone
"2017-03-12T17:23:00Z", Device, OS Name, iOS, iOS
"2017-03-12T17:23:00Z", Device, iOS Version, 10.2.1, 10.2.1
"2017-03-12T17:23:00Z", Device, Audio Output Method, Speaker, Speaker
"2017-03-12T17:23:00Z", Device, Supports Touch ID, No, false
"2017-03-12T17:23:00Z", WiFi, Connected SSID, TC8717TD8-5G, TC8717TD8-5G
"2017-03-12T17:23:00Z", WiFi, Connected BSSID, 80:29:94:ff:e3:df, 80:29:94:ff:e3:df
"2017-03-12T17:23:00Z", Compass, Heading (True North), 188.1134185791016º, 188.113418579102
"2017-03-12T17:23:00Z", Compass, Heading (Magnetic North), 201.0464935302734º, 201.046493530273
"2017-03-12T17:23:00Z", Compass, x, 6.129898071289062, 6.12989807128906
"2017-03-12T17:23:00Z", Compass, y, -33.99200439453125, -33.9920043945312
"2017-03-12T17:23:00Z", Compass, z, -21.20419311523438, -21.2041931152344
"2017-03-12T17:23:01Z", Device Orientation, Screen Orientation, Portrait, Portrait
"2017-03-12T17:23:01Z", Device Orientation, Screen Face Direction, Up, Up
"2017-03-12T17:23:01Z", Magnetometer (corrected for device), x, 5.826339721679688, 5.82633972167969
"2017-03-12T17:23:01Z", Magnetometer (corrected for device), y, -34.5909423828125, -34.5909423828125
"2017-03-12T17:23:01Z", Magnetometer (corrected for device), z, -21.28042602539062, -21.2804260253906
"2017-03-12T17:23:01Z", Magnetometer (corrected for device), Estimated Accuracy, High, High
"2017-03-12T17:23:01Z", Attitude, Roll, -0.07764540987985703, -0.077645409879857
"2017-03-12T17:23:01Z", Attitude, Yaw, -0.05057858336434139, -0.0505785833643414
"2017-03-12T17:23:01Z", Attitude, Pitch, 0.4617076538366111, 0.461707653836611
"2017-03-12T17:23:01Z", Attitude, Quarternion w, 0.9722022660557915, 0.972202266055792
"2017-03-12T17:23:01Z", Attitude, Quarternion x, 0.2276078548522856, 0.227607854852286
"2017-03-12T17:23:01Z", Attitude, Quarternion y, -0.04355265374257111, -0.0435526537425711
"2017-03-12T17:23:01Z", Attitude, Quarternion z, -0.03347513461528288, -0.0334751346152829
"2017-03-12T17:23:01Z", Acceleration (via Gravity), x, -0.06944557279348373, -0.0694455727934837
"2017-03-12T17:23:01Z", Acceleration (via Gravity), y, -0.4454776048660278, -0.445477604866028
"2017-03-12T17:23:01Z", Acceleration (via Gravity), z, -0.892595648765564, -0.892595648765564
"2017-03-12T17:23:01Z", Acceleration (via User), x, -0.02860740758478642, -0.0286074075847864
"2017-03-12T17:23:01Z", Acceleration (via User), y, 0.009366156533360481, 0.00936615653336048
"2017-03-12T17:23:01Z", Acceleration (via User), z, -0.003583537647500634, -0.00358353764750063
"2017-03-12T17:23:01Z", Acceleration (total), x, -0.09805298037827015, -0.0980529803782701
"2017-03-12T17:23:01Z", Acceleration (total), y, -0.4361114483326674, -0.436111448332667
"2017-03-12T17:23:01Z", Acceleration (total), z, -0.8961791864130646, -0.896179186413065
"2017-03-12T17:23:01Z", Gyrometer (smooth), x, 0.06847891956567764, 0.0684789195656776
"2017-03-12T17:23:01Z", Gyrometer (smooth), y, 0.05653193220496178, 0.0565319322049618
"2017-03-12T17:23:01Z", Gyrometer (smooth), z, -0.02465924061834812, -0.0246592406183481
"2017-03-12T17:23:01Z", Magnetometer (raw), x, 91.09529113769531, 91.0952911376953
"2017-03-12T17:23:01Z", Magnetometer (raw), y, 328.55615234375, 328.55615234375
"2017-03-12T17:23:01Z", Magnetometer (raw), z, -497.9283447265625, -497.928344726562
"2017-03-12T17:23:01Z", Altimeter (Barometer), Relative Altitude, -0.0857696533203125 Meters, -0.0857696533203125
"2017-03-12T17:23:01Z", Altimeter (Barometer), Pressure, 102.346054077148 kPa, 102.3460540771484
"2017-03-12T17:23:01Z", Accelerometer (raw), x, -0.0798797607421875, -0.0798797607421875
"2017-03-12T17:23:01Z", Accelerometer (raw), y, -0.458892822265625, -0.458892822265625
"2017-03-12T17:23:01Z", Accelerometer (raw), z, -0.9059600830078125, -0.905960083007812
"2017-03-12T17:23:01Z", Gyrometer (raw), x, 0.0514797028195587, 0.0514797028195587
"2017-03-12T17:23:01Z", Gyrometer (raw), y, -0.1236620210050664, -0.123662021005066
"2017-03-12T17:23:01Z", Gyrometer (raw), z, 0.006150836853647009, 0.00615083685364701
"2017-03-12T17:23:01Z", Device, Model, iPhone, iPhone
"2017-03-12T17:23:01Z", Device, Name, Kyle Gallatin’s iPhone, Kyle Gallatin’s iPhone
"2017-03-12T17:23:01Z", Device, OS Name, iOS, iOS
"2017-03-12T17:23:01Z", Device, iOS Version, 10.2.1, 10.2.1
"2017-03-12T17:23:01Z", Device, Audio Output Method, Speaker, Speaker
"2017-03-12T17:23:01Z", Device, Supports Touch ID, No, false
"2017-03-12T17:23:01Z", WiFi, Connected SSID, TC8717TD8-5G, TC8717TD8-5G
"2017-03-12T17:23:01Z", WiFi, Connected BSSID, 80:29:94:ff:e3:df, 80:29:94:ff:e3:df
"2017-03-12T17:23:01Z", Compass, Heading (True North), 189.3933258056641º, 189.393325805664
"2017-03-12T17:23:01Z", Compass, Heading (Magnetic North), 202.3264007568359º, 202.326400756836
"2017-03-12T17:23:01Z", Compass, x, 9.495849609375, 9.495849609375
"2017-03-12T17:23:01Z", Compass, y, -35.20376586914062, -35.2037658691406
"2017-03-12T17:23:01Z", Compass, z, -17.64984130859375, -17.6498413085938
"2017-03-12T17:23:01Z", Device Orientation, Screen Orientation, Portrait, Portrait
"2017-03-12T17:23:01Z", Device Orientation, Screen Face Direction, Up, Up
"2017-03-12T17:23:02Z", Magnetometer (corrected for device), x, 13.99082946777344, 13.9908294677734
"2017-03-12T17:23:02Z", Magnetometer (corrected for device), y, -35.51950073242188, -35.5195007324219
"2017-03-12T17:23:02Z", Magnetometer (corrected for device), z, -11.38824462890625, -11.3882446289062
"2017-03-12T17:23:02Z", Magnetometer (corrected for device), Estimated Accuracy, High, High
"2017-03-12T17:23:02Z", Attitude, Roll, 0.2329428478213056, 0.232942847821306
"2017-03-12T17:23:02Z", Attitude, Yaw, -0.1714728646489007, -0.171472864648901
"2017-03-12T17:23:02Z", Attitude, Pitch, 0.6216541670600085, 0.621654167060009
"2017-03-12T17:23:02Z", Attitude, Quarternion w, 0.9452005498655054, 0.945200549865505
"2017-03-12T17:23:02Z", Attitude, Quarternion x, 0.3121324795819691, 0.312132479581969
"2017-03-12T17:23:02Z", Attitude, Quarternion y, 0.0842206777498129, 0.0842206777498129
"2017-03-12T17:23:02Z", Attitude, Quarternion z, -0.04556438481231718, -0.0455643848123172
"2017-03-12T17:23:02Z", Acceleration (via Gravity), x, 0.1876551061868668, 0.187655106186867
"2017-03-12T17:23:02Z", Acceleration (via Gravity), y, -0.5823806524276733, -0.582380652427673
"2017-03-12T17:23:02Z", Acceleration (via Gravity), z, -0.7909603714942932, -0.790960371494293
"2017-03-12T17:23:02Z", Acceleration (via User), x, 0.005246500484645367, 0.00524650048464537
"2017-03-12T17:23:02Z", Acceleration (via User), y, -0.003938313573598862, -0.00393831357359886
"2017-03-12T17:23:02Z", Acceleration (via User), z, -0.05797760188579559, -0.0579776018857956
"2017-03-12T17:23:02Z", Acceleration (total), x, 0.1929016066715121, 0.192901606671512
"2017-03-12T17:23:02Z", Acceleration (total), y, -0.5863189660012722, -0.586318966001272
"2017-03-12T17:23:02Z", Acceleration (total), z, -0.8489379733800888, -0.848937973380089
"2017-03-12T17:23:02Z", Gyrometer (smooth), x, 0.1607851386070251, 0.160785138607025
"2017-03-12T17:23:02Z", Gyrometer (smooth), y, 0.2003561109304428, 0.200356110930443
"2017-03-12T17:23:02Z", Gyrometer (smooth), z, -0.008816691115498543, -0.00881669111549854
"2017-03-12T17:23:02Z", Magnetometer (raw), x, 98.95600891113281, 98.9560089111328
"2017-03-12T17:23:02Z", Magnetometer (raw), y, 326.9536743164062, 326.953674316406
"2017-03-12T17:23:02Z", Magnetometer (raw), z, -488.562255859375, -488.562255859375
"2017-03-12T17:23:02Z", Accelerometer (raw), x, 0.137725830078125, 0.137725830078125
"2017-03-12T17:23:02Z", Accelerometer (raw), y, -0.5938873291015625, -0.593887329101562
"2017-03-12T17:23:02Z", Accelerometer (raw), z, -0.78314208984375, -0.78314208984375
"2017-03-12T17:23:02Z", Altimeter (Barometer), Relative Altitude, -0.0857696533203125 Meters, -0.0857696533203125
"2017-03-12T17:23:02Z", Altimeter (Barometer), Pressure, 102.346054077148 kPa, 102.3460540771484
"2017-03-12T17:23:02Z", Gyrometer (raw), x, 0.06405674738356691, 0.0640567473835669
"2017-03-12T17:23:02Z", Gyrometer (raw), y, 0.05785424520477236, 0.0578542452047724
"2017-03-12T17:23:02Z", Gyrometer (raw), z, -0.01224255153109426, -0.0122425515310943
"2017-03-12T17:23:02Z", Device, Model, iPhone, iPhone
"2017-03-12T17:23:02Z", Device, Name, Kyle Gallatin’s iPhone, Kyle Gallatin’s iPhone
"2017-03-12T17:23:02Z", Device, OS Name, iOS, iOS
"2017-03-12T17:23:02Z", Device, iOS Version, 10.2.1, 10.2.1
"2017-03-12T17:23:02Z", Device, Audio Output Method, Speaker, Speaker
"2017-03-12T17:23:02Z", Device, Supports Touch ID, No, false
"2017-03-12T17:23:02Z", WiFi, Connected SSID, TC8717TD8-5G, TC8717TD8-5G
"2017-03-12T17:23:02Z", WiFi, Connected BSSID, 80:29:94:ff:e3:df, 80:29:94:ff:e3:df
"2017-03-12T17:23:02Z", Compass, Heading (True North), 189.5447692871094º, 189.544769287109
"2017-03-12T17:23:02Z", Compass, Heading (Magnetic North), 202.4778442382812º, 202.477844238281
"2017-03-12T17:23:02Z", Compass, x, 13.24002075195312, 13.2400207519531
"2017-03-12T17:23:02Z", Compass, y, -35.74185180664062, -35.7418518066406
"2017-03-12T17:23:02Z", Compass, z, -12.44378662109375, -12.4437866210938
"2017-03-12T17:23:03Z", Magnetometer (corrected for device), x, 11.89096069335938, 11.8909606933594
"2017-03-12T17:23:03Z", Magnetometer (corrected for device), y, -35.66213989257812, -35.6621398925781
"2017-03-12T17:23:03Z", Magnetometer (corrected for device), z, -13.35476684570312, -13.3547668457031
"2017-03-12T17:23:03Z", Magnetometer (corrected for device), Estimated Accuracy, High, High
"2017-03-12T17:23:03Z", Attitude, Roll, 0.1110819158491537, 0.111081915849154
"2017-03-12T17:23:03Z", Attitude, Yaw, -0.1342035229935311, -0.134203522993531
"2017-03-12T17:23:03Z", Attitude, Pitch, 0.5953406351435284, 0.595340635143528
"2017-03-12T17:23:03Z", Attitude, Quarternion w, 0.9534916789391469, 0.953491678939147
"2017-03-12T17:23:03Z", Attitude, Quarternion x, 0.2957409753957196, 0.29574097539572
"2017-03-12T17:23:03Z", Attitude, Quarternion y, 0.03331622849698328, 0.0333162284969833
"2017-03-12T17:23:03Z", Attitude, Quarternion z, -0.0477590052716424, -0.0477590052716424
"2017-03-12T17:23:03Z", Acceleration (via Gravity), x, 0.09178208559751511, 0.0917820855975151
"2017-03-12T17:23:03Z", Acceleration (via Gravity), y, -0.5607908368110657, -0.560790836811066
"2017-03-12T17:23:03Z", Acceleration (via Gravity), z, -0.8228546380996704, -0.82285463809967
"2017-03-12T17:23:03Z", Acceleration (via User), x, -0.01115464139729738, -0.0111546413972974
"2017-03-12T17:23:03Z", Acceleration (via User), y, -0.001037794863805175, -0.00103779486380517
"2017-03-12T17:23:03Z", Acceleration (via User), z, -0.0007537896744906902, -0.00075378967449069
"2017-03-12T17:23:03Z", Acceleration (total), x, 0.08062744420021772, 0.0806274442002177
"2017-03-12T17:23:03Z", Acceleration (total), y, -0.5618286316748708, -0.561828631674871
"2017-03-12T17:23:03Z", Acceleration (total), z, -0.8236084277741611, -0.823608427774161
"2017-03-12T17:23:03Z", Gyrometer (smooth), x, -0.1090443283319473, -0.109044328331947
"2017-03-12T17:23:03Z", Gyrometer (smooth), y, -0.2562328279018402, -0.25623282790184
"2017-03-12T17:23:03Z", Gyrometer (smooth), z, 0.02901648357510567, 0.0290164835751057
"2017-03-12T17:23:03Z", Magnetometer (raw), x, 94.68801879882812, 94.6880187988281
"2017-03-12T17:23:03Z", Magnetometer (raw), y, 327.7185974121094, 327.718597412109
"2017-03-12T17:23:03Z", Magnetometer (raw), z, -493.3979187011719, -493.397918701172
"2017-03-12T17:23:03Z", Accelerometer (raw), x, 0.0658111572265625, 0.0658111572265625
"2017-03-12T17:23:03Z", Accelerometer (raw), y, -0.5697021484375, -0.5697021484375
"2017-03-12T17:23:03Z", Accelerometer (raw), z, -0.8306884765625, -0.8306884765625
"2017-03-12T17:23:03Z", Altimeter (Barometer), Relative Altitude, -0.0149612426757812 Meters, -0.01496124267578125
"2017-03-12T17:23:03Z", Altimeter (Barometer), Pressure, 102.345191955566 kPa, 102.3451919555664
"2017-03-12T17:23:03Z", Gyrometer (raw), x, 0.2740600488256562, 0.274060048825656
"2017-03-12T17:23:03Z", Gyrometer (raw), y, 0.3816919705973176, 0.381691970597318
"2017-03-12T17:23:03Z", Gyrometer (raw), z, -0.03409139143021334, -0.0340913914302133
